Employee_Number,Commute_Miles,Commute_Minutes,Work_Latitude,Work_Longitude,Home_Latitude,Home_Longitude,Flagged
1,24.65328924484707,36.24762513829362,38.58840272400005,-121.51850987899996,38.643838935000076,-121.14841212599998,False
2,16.39128320987373,26.93228070596828,38.58840272400005,-121.51850987899996,38.59062709300008,-121.27272203599995,False
3,12.533823487540328,26.47804565809019,38.58840272400005,-121.51850987899996,38.564199916000064,-121.34543714199998,False
4,4.947954119285854,13.407250793237006,38.58840272400005,-121.51850987899996,38.604374294000024,-121.44773072599997,False

